,Unnamed: 0,Name,Opportunity Number,Eligibility,Agency Name,Description
31,31,Advancing Informal STEM Learning,20-607,"Unrestricted (i.e., open to any type of entity above), subject to machine learning any clarification in text field entitled ""Additional Information on Eligibility""",National Science Foundation,"The Advancing Informal STEM Learning (AISL) program seeks to advance new approaches to and evidence-based understanding of the design and development of STEM learningopportunities forthe public in informal environments; provide multiple pathways for broadening access to and engagement in STEM learning experiences; advance innovative research on and assessment of STEM learning in informal environments; and engage the public of all ages in learning STEM in informal environments.

The AISL program supports six types of projects: (1) Pilots and Feasibility Studies, (2) Research in Service to Practice, (3) Innovations in Development, (4) Broad Implementation, (5)Literature Reviews, Syntheses, or Meta-Analyses, and (6) Conferences."
51,51,Innovations in Graduate Education (IGE) Program,20-595,"Unrestricted (i.e., open to any type of entity above), machine learning subject to any clarification in text field entitled ""Additional Information on Eligibility""",National Science Foundation,"The Innovations in Graduate Education (IGE) program is designed to encourage the development and implementation of bold, new, and potentially transformative approaches to STEM graduate education training. The program seeks proposals that explore ways forgraduate students in research-based master’s and doctoral degree programs to develop the skills, knowledge, and competencies needed to pursue a range of STEM careers.


IGE focuses on projects aimed at piloting, testing, and validating innovative and potentially transformative approaches to graduate education. IGE projects are intendedto generate the knowledge required for their customization, implementation, and broader adoption. The program supports testing of novel models or activities with high potential to enrich and extend the knowledge base on effective graduate education approaches.


The program addresses both workforce development, emphasizing broad participation, and institutional capacity building needs in graduate education. Strategic collaborations with the private sector, non-governmental organizations (NGOs), government agencies, national laboratories, field stations, teaching and learning centers, informal science centers, and academic partners are encouraged.



As a special emphasis under this solicitation, IGE seeks proposals that will result in a single cooperative agreement for the development and implementation of an IGE Innovation Acceleration Hub. The Hub will facilitate IGE awardee communications about research activities and outcomes and provide a platform for external stakeholder engagement. Only Hub proposals submittedto theNovember 2020 deadline will be considered for funding."
75,75,Computational and Data-Enabled Science and Engineering,PD-20-8084,"Unrestricted (i.e., open to any type of entity above), subject to any clarification in text field entitled ""Additional Information on Eligibility""",National Science Foundation,"Advanced computational infrastructure and the ability to perform large-scale simulations and accumulate massive amounts of data have revolutionized scientific and engineering disciplines. The goal of the CDS&E program is to identify and capitalize on opportunities for major scientific and engineering breakthroughs through new computational and data analysis approaches. The intellectual drivers may be in an individual discipline or they may cut across more than one discipline in various Directorates.The key identifying factor is that the outcome relies on the development, adaptation, and utilization of one or more of the capabilities offered by advancement of both research and infrastructure in computation and data, either through cross-cutting or disciplinary programs.


The CDS&E program welcomes proposals in any area of research supported through theparticipating divisionsthat address at least one of the following criteria:


· Promote the creation, development, and application of the next generation of mathematical, computational and statistical theories and tools that are essential for addressing the challenges presented to the scientific and engineering communities by the ever-expanding role of computational modeling and simulation and the explosion and production of digital experimental and observational data.


· Promote and encourage integrated research projects that create, develop and apply novel computational, mathematical and statistical methods, algorithms, software, data curation, analysis, visualization and mining tools to address major, heretofore intractable questions in core science and engineering disciplines, including large-scale simulations and analysis of large and heterogeneous collections of data.


· Encourage adventurous ideas that generate new paradigms and that create and apply novel techniques, generating and utilizing digital data in innovative ways to complement or dramatically enhance traditional computational, experimental, observational, and theoretical tools for scientific discovery and application.


· Encourage ideas at the interface between scientific frameworks, computing capability, measurements and physical systems that enable advances well beyond the expected natural progression of individual activities, including development of science-driven algorithms to address pivotal problems in science and engineering and efficient methods to access, mine, and utilize large data sets.


The CDS&E program is not intended to replace existing programs that make awards that involve computation and the analysis of large data sets. Rather, proposals submitted to the CDS&E program must have a significant component of cyber development or cyber science that goes well beyond what would normally be included in these programs.PIs should ask for consideration and review as a CDS&E proposal only if the proposal addresses at least one of these additional cyber components. Any proposal submitted to the CDS&E program that does not satisfy at least one of the additional criteria listed above will be reviewed within the context of the individual program. A proposal that is requesting consideration within the context of CDS&E should begin the title with the identifying acronym ""CDS&E:""


Supplement requests to existing awards within a program that address one of the points above will also be considered.


Directorate for Mathematical and Physical Sciences: The CDS&E program in MPS explicitly addresses the distinct intellectual and technological discipline lying at the intersection of applied mathematics, statistics, computer science, and the core science disciplines of astronomy, chemistry, physics, mathematics, and materials research. Proposals are expected to be relevant to mathematical and physical sciences.


Astronomy (AST): CDS&E encompasses those areas of inquiry where significant progress is critically dependent upon the application of new computational hardware, software, or algorithms, or upon the use of massive data sets. CDS&E encompasses fundamentally new approaches to large-scale simulation and to the analysis of large and heterogeneous collections of data, as well as research into the nature of algorithms and techniques that can be both enabled by data and enable more data-intensive research.


Chemistry (CHE):CDS&E encourages innovative approaches for new paradigms in algorithms, software design, and data techniques that impact chemistry research. Potential areas of focus include computational and data tool development for modeling, simulation, data processing and analysis, and data-driven chemical discovery. Successful submissions will produce new approaches to gaining fundamental chemical knowledge and understanding.


Materials Research (DMR): CDS&E includes projects that involve: the creative use of computation or high performance computing, particularly in conjunction with data-centric methods and data from simulation or experiment to advance fundamental challenging problems of materials research including the discovery or design of materials and materials systems with desired properties, the discovery or control of materials-related phenomena, or new states of matter; the creation, development, and application of computational and data-centric tools across fundamental materials research to advance fundamental understanding; the creation and application of novel techniques that utilize digital data from experiment, simulation, or both in innovative ways to complement or dramatically enhance traditional computational, experimental, and theoretical methods to discover new materials, new materials-related phenomena, or advance fundamental understanding of materials. Broader impacts may include a focus on infusing computation and data-centric approaches and the use of advanced cyberinfrastructure of the materials research community into education in materials and materials-related disciplines.


Mathematical Sciences (DMS): CDS&E includes the creation, development, and application of the next generation of mathematical and statistical theories and tools that will be essential for addressing the challenges presented to the scientific and engineering communities by the ever-expanding role of computational modeling and simulation on the one hand, and the explosion and production of digital and observational data on the other.


Physics (PHY): CDS&E includes ideas at the interface between scientific frameworks and computing capability that enable advances well beyond the expected natural progress of either activity. This includes the development of innovative computational approaches to science-driven algorithms, numerical models, and methods to access and mine large data sets to address pivotal problems in Physics. Physics CDS&E proposals may address science topics and goals within the scope of the domains supported by the Division of Physics. CDS&E proposals for PHY consideration should be submitted directly to the Division-wide solicitation:Division of Physics: Investigator-Initiated Research Projects (PHY). Potential PIs are encouraged to contact the cognizant Program Director(s) for the PHY domain program of interest prior to proposal submission. The due date for any proposal for PHY consideration is the due date for submission to the relevant PHY program.


Directorate for Engineering: The CDS&E program in engineering recognizes the importance of engineering in CDS&E and vice-versa. Many natural and built engineering processes, devices and/or systems require high fidelity simulations over disparate scales that can be interrogated, analyzed, modeled, optimized or controlled, and even integrated with experiments or physical facilities. This program accepts proposals that confront and embrace the host of research challenges presented to the science and engineering communities by the ever-expanding role of computational modeling and simulation on the one hand, and experimental and/or observational data on the other. The goal of the program is to promote the creation, development, and utilization of the next generation of theories, algorithms, methods, tools, and cyberinfrastructure in science and engineering applications.


Successful research supported by CDS&E in engineering will encompass all engineering and related disciplines that are potentially transformative and multidisciplinary and that address computational and/or data challenges. Proposals submitted to this program should draw on productive intellectual partnerships that synergistically capitalize upon knowledge and expertise in multiple fields or sub-fields in science or engineering and/or in multiple types of organizations. Proposals submitted to this program announcement should address the relevance of the proposed project to engineering.


Chemical, Bioengineering, Environmental and Transport (CBET): CDS&E in CBET includes the use of high performance and emerging computational tools and environments – beyond that supported by core programs – in advancing mathematical modeling, simulation and analysis to describe and analyze with greater fidelity, complexity and scale, engineering processes in chemical, biochemical and biotechnology systems, bioengineering and living systems, sustainable energy and environmental systems, and transport and thermal-fluids systems. Some topics of special interest: 1) Advanced modeling and analysis for water resources, earth systems, built environments, sustainable manufacturing, energy systems, food systems, and regional, national and/or global material flows, 2) Innovative modeling methodologies for turbulent flows and for flows of complex fluids and suspensions, 3) Developing advanced modeling capabilities for thermal fluids and combustion, 4) Extending validated molecular and/or macro-molecular models to the prediction of applications-level engineering problems, 5) Developing modeling strategies to simulate protein folding and native state protein-protein interactions, to estimate rates of fundamental biomolecular reactions, and to analyze multi-level regulatory metabolic structures containing spatio-temporal variability, and 6) Molecular and multiscale modeling, model-predictive control and optimization of complex chemical processes, including core supporting technologies of catalysis, reaction engineering, separations, and electrochemistry


Civil, Mechanical and Manufacturing Innovation (CMMI): CMMI seeks to advance the future of manufacturing, the design of innovative materials and building technologies, infrastructure resilience and sustainability and tools and systems for decision-making, robotics and controls. The Division seeks CDS&E proposals that provide enabling tools to catalyze new knowledge and enhance research productivity in areas supported by CMMI. Proposals will be expected to demonstrate how they would promote major fundamental research advances through new computational and data analysis approaches. Researchers should submit proposals under the CDS&E guidelines and designate a CMMI core program as the secondary program. Proposals will be expected to demonstrate how they would advance new knowledge in the appropriate core program and, potentially, more broadly. Program websites may provide additional guidance on priority areas for new computational and data tools.


Electrical, Communications and Cyber Systems (ECCS): CDS&E in ECCS includes the development of innovative computational algorithms and the application of high performance and emerging computational tools for high-fidelity modeling and simulations of electronic, photonic and electromagnetic devices, components and systems in order to advance the frontiers in electronics, communications and sensing.


Office of AdvancedCyberinfrastructure (OAC): CDS&E in OAC addresses research in cyberinfrastructure itself with the clear potential to impact multiple research disciplines through the development of the paradigms, algorithms and processes needed to provide general CDS&E solutions as part of comprehensive, integrated, sustainable and secure cyberinfrastructure.





Due Dates



DirectorateDivision and ProgramSubmission Window or Target Date

ENG
Division of Chemical, Bioengineering, Environmental, and Transport Systems
September 01, 2020 - September 15, 2020


ENG
Division of Civil, Mechanical and Manufacturing Innovation
September 01, 2020 - September 15, 2020


MPS
Division of Mathematical Sciences
September 01, 2020 - September 15, 2020


MPS
Division of Chemistry - Chemical Catalysis (CAT), Chemical Structure, Dynamics and Mechanisms-A (CSDM-A), Chemical Structure Dynamics and Mechanisms-B (CSDM-B), Chemical Synthesis (SYN), Chemical Theory, Models and Computational Methods (CTMC)
September 01, 2020 - September 30, 2020


MPS
Division of Materials Research
October 15, 2020


MPS
Division of Astronomical Sciences - Advanced Technologies and Instrumentation
November 16, 2020


CISE
Office of Advanced Cyberinfrastructure
October 01, 2020 - November 02, 2020


ENG
Division of Electrical, Communications and Cyber Systems
October 01, 2020 - November 02, 2020


MPS
Division of Chemistry - Chemical Measurement and Imaging (CMI), Chemistry of Life Processes (CLP), Environmental Chemical Sciences (ECS), and Macromolecular, Supramolecular and Nanochemistry (MSN)
October 01, 2020 - November 02, 2020


MPS
Division of Astronomical Sciences - Astronomy and Astrophysics Research Grants
September 15, 2020 - November 16, 2020


MPS
Division of Physics: Investigator-Initiated Research Projects
Due Date for the relevant PHY program"
160,160,Annual Program Statement,C-NOFO-20-100,"Nonprofits having a 501(c)(3) status with the IRS, other than institutions of higher education",U.S. Mission to India,"PAS Chennai seeks proposal for multiple project objectives, each proposal should focus primarily on one of the following priority project areas.

·        Inclusive Economic Growth: Activities that build India’s entrepreneurship ecosystem through women’s economic empowerment. Improve the connections between U.S. and Indian businesses, and/or expand economic opportunities for women, youth, and undeserved populations.

·        Countering Disinformation: Projects that reinforce journalistic standards to counter disinformation; support freedom of information; encourage transparency; promote critical thinking; and instill media ethics through educational methods and materials. Journalists and citizens will be better equipped to evaluate and hold to account all sources of information.

·        Disaster Management: Activities related to building capacity in community volunteers, leaders, and first responders who can take effective action before, during, and after an emergency. Increase understanding of all-hazards mitigation and management and build civic participation, good governance, and resilient communities.
 
·        Active Citizenship: Projects that support human rights, racial/ethnic equality, women’s empowerment, diversity, and social inclusion in civil society, with special focus on youth and grassroots communities. 

(Please refer the full announcement available in related documents tab)"
184,184,Computer Science for All,20-539,"Unrestricted (i.e., open to any type of entity above), subject to any clarification in text field entitled ""Additional Information on Eligibility""",National Science Foundation,"This program aims to provide all U.S. students with the opportunity to participate in computer science (CS) and computational thinking (CT) education in their schools at the preK-12 levels. With this solicitation, the National Science Foundation (NSF) focuses on both research and researcher-practitioner partnerships (RPPs) that foster the research and development needed to bring CS and CT to all schools. Specifically, this solicitation aims to provide (1) high school teacherswith the preparation, professional development (PD) and ongoing support they need to teach rigorous computer science courses; (2) preK-8 teachers with the instructional materials and preparation they need to integrate CS and CT into their teaching; and (3) schools and districtswith the resources needed to define and evaluate multi-grade pathways in CS and CT."
216,216,Science of Learning and Augmented Intelligence (SL),PD-19-127Y,"Unrestricted (i.e., open to any type of entity above), subject to any clarification in text field entitled ""Additional Information on Eligibility""",National Science Foundation,"Science of Learning and Augmented Intelligence (SL) supports potentially transformative research that develops basic theoretical insights and fundamental knowledge about principles, processes and mechanisms of learning, and about augmented intelligence - how human cognitive function can be augmented through interactions with others, contextual variations, and technological advances.


The program supportsresearch addressing learning in individuals and in groups, across a wide range of domains at one or more levels of analysis including: molecular/cellular mechanisms; brain systems; cognitive, affective, and behavioral processes; and social/cultural influences.


The program also supports research on augmented intelligence that clearly articulates principled ways in which human approaches to learning and related processes, such as in design, complex decision-making and problem-solving, can be improved through interactions with others, and/or the use of artificial intelligence in technology. These could include ways of using knowledge about human functioning to improve the design of collaborative technologies that have capabilities to learn to adapt to humans.


For both aspects of the program, there is special interest in collaborative and collective models of learning and/or intelligence that are supported by the unprecedented speed and scale of technological connectivity. This includes emphasis on how people and technology working together in new ways and at scale can achieve more than either can attain alone. The program also seeks explanations for how the emergent intelligence of groups, organizations, and networks intersects with processes of learning, behavior and cognition in individuals.


Projects that are convergent and/or interdisciplinary may be especially valuable in advancing basic understanding of these areas, but research within a single discipline or methodology is also appropriate.Connections between proposed research and specific technological, educational, and workforce applications will be considered as valuable broader impacts but are not necessarily central to the intellectual merit of proposed research. The program supports a variety of approaches including: experiments, field studies, surveys, computational modeling, and artificial intelligence/machine learning methods.


Examples of general research questions within scope of Science of Learning and Augmented Intelligence (SL)include:


What are the underlying mechanisms that support transfer of learning from one context to another or from one domain to another? How is learning generalized from a small set of specific experiences? What is the basis for robust learning that is resilient against potential interference from new experiences? How is learning consolidated and reconsolidated from transient experience to stable memory?
How do human interactions with technologies, imbued with artificial intelligence, provide improved human task performance? What models best describe the interplay of the individual and collaborative processes that lead to co-creation of knowledge and collective intelligence? In what ways do the capacities and constraints of human cognition inform improved methods of human-artificial intelligence collaboration?
How can we integrate research findings and insights across levels of analysis, relating understanding of cellular and molecular mechanisms of learning in the neurons to circuit and systems-level computations of learning in the brain, to cognitive, affective, social, and behavioral processes of learning? What is the relationship between assembly of new networks (development) and learning new knowledge in a maturing/mature brain? What concepts, tools (including Big Data, machine learning, and other computational models), or questions will provide the most productive linkages across levels of analysis?
How can insights from biological learners contribute and derive new theoretic perspectives to artificial intelligence, neuromorphic engineering, materials science, and nanotechnology? How can the ability of biological systems to learn from relatively few examples improve efficiency of artificial systems? How do learning systems (biological and artificial) address complex issues of causal reasoning? How can knowledge about the ways in which humans learn help in the design of human-machine interfaces?
"
271,271,Innovative Technology Experiences for Students and Teachers,19-583,"Unrestricted (i.e., open to any type of entity above), subject to any clarification in text field entitled ""Additional Information on Eligibility""",National Science Foundation,"ITEST is an applied research and development (R&D) program providing direct student learning opportunities in pre-kindergarten through high school (PreK-12). The learning opportunities are based on innovative use of technology to strengthen knowledge and interest in science, technology, engineering, and mathematics (STEM) and information and communication technology (ICT) careers. To achieve this purpose, ITEST supports projects that engage students in technology-rich experiences that: (1) increase awareness and interest of STEM and ICT occupations; (2) motivate students to pursue appropriate education pathways to those occupations; and (3) develop STEM-specific disciplinary content knowledge and practices that promote critical thinking, reasoning, and communication skills needed for entering the STEM and ICT workforce of the future.


ITEST seeks proposals that pursue innovative instructional approaches and practices in formal and informal learning environments, in close collaboration with strategic partnerships. ITEST proposals should broaden participation of all students, particularly those in underrepresented and underserved groups in STEM fields and related education and workforce domains. ITEST supports three types of projects: (1) Exploring Theory and Design Principles (ETD); (2) Developing and Testing Innovations (DTI); and (3) Scaling, Expanding, and Iterating Innovations (SEI). ITEST also supports Synthesis and Conference proposals.

All ITEST proposals must address how they are (A) designing innovations that meet ITEST program goals which include innovative use of technologies, innovative learning experiences, STEM workforce development, strategies for broadening participation, and strategic partnerships; and (B) measuring outcomes through high-quality research which includes high-quality research design, project evaluation, and dissemination of findings."
330,330,Data Science Research: Personal Health Libraries for Consumers and Patients (R01 Clinical Trial Optional),PAR-19-072,"Nonprofits that do not have a 501(c)(3) status with the IRS, other than institutions of higher educationPublic and State controlled institutions of higher educationNative American tribal organizations (other than Federally recognized tribal governments)Public housing authorities/Indian housing authoritiesPrivate institutions of higher educationCounty governmentsIndependent school districtsOthers (see text field entitled ""Additional Information on Eligibility"" for clarification)For profit organizations other than small businessesState governmentsSmall businessesSpecial district governmentsCity or township governmentsNative American tribal governments (Federally recognized)Nonprofits having a 501(c)(3) status with the IRS, other than institutions of higher education",National Institutes of Health,"The National Library of Medicine seeks applications for novel informatics and data science approaches that can help individuals gather, manage and use data and information about their personal health. A goal of this program is to advance research and application by patients and the research community through broadly sharing the results via publication, and through open source mechanisms for data or resource sharing."
355,355,Crosscutting Activities in Materials Research,PD-18-7222,"Unrestricted (i.e., open to any type of entity above), subject to any clarification in text field entitled ""Additional Information on Eligibility""",National Science Foundation,"Crosscutting Activities in Materials Research (XC) coordinates and supports crosscutting activities within the Division of Materials Research (DMR) and more broadly across NSF.


The emphasis within XC is diversity and inclusion, international cooperation, and education (including experiential learning at REU/RET Sites). Additionally, activities that broadly engage the community, such as summer schools, institutes, workshops, and conferences that do not fit within just one or two programs in the Division of Materials Research, may be supported by XC.If preparing a workshop proposal, follow the Special Guidelines for Conference Proposals outlined in the Proposal & Award Policies & Procedures Guide (PAPPG). Occasionally projects crossing several programs in DMR are shifted to XC or co-funded by XC. The goal is to bring greater visibility to these projects through DMR’s XC website.


Proposals are welcome that do not fit elsewhere at NSF that are also highly relevant for the materials research and education community. Some XC activities are co-funded with other NSF units. XC does not handle traditional research proposals suitable for submission to topical or other programs in DMR. For this reason, the XC Team welcomes inquiries that include a draft of one-page NSF summary, or a shorter write-up. It is highly recommended that you contact one of the Program Directors for XC prior to submission of a full proposal exceeding $50,000.


Crosscutting Activities in Materials Research (XC) replaced the Office of Special Programs in Materials Research (OSP) in 2016.


Diversity:


Activitiesthat focus on broadening participation of underrepresented groups and/or diversity and inclusion are supported.
Supplements(e.g., CLB, AGEP-GRS, MPS-GRSV and ROAs) are handled by the cognizantProgram Director of the original award. See the Related Publications section below for more information.
XC supports Facilitation Awards for Scientists and Engineers with Disabilities (see Proposal & Award Policies & Procedures Guide, Chapter II.E.6 for details) https://www.nsf.gov/pubs/policydocs/pappg18_1/pappg_2.jsp#IIE6


International:


In2016 a Dear Colleague Letter outlining collaborative projectswith Israel (BSF)was issued; it remains active until archived.
Submissionof full proposals with an international component may be made to thedisciplinary programs (but not to XC directly).
Supplementsare handled by the cognizant Program Director of the original award.
Discontinuedin 2014: The previous International Materials Institutes (IMI)and Materials World Network (MWN) programs are no longer supported.


Education:


Innovativeand creative ideas in education (e.g., materials science and/or engineering, solid state and materials chemistry, condensed matterphysics, integrated computational materials science/engineering, ormaterials data science/analytics) that do not have a forum elsewhere at NSFare of interest.
XC encourages outreach and/or materials education proposals targeting underserved populations such as K-12students in rural communities and those designed to increase public scientific literacy.


Research Experiences for Undergraduates (REU)/ Research Experiences for Teachers (RET): reu.dmr@nsf.gov


XCcoordinates the REU and RET Sites activities within DMR. See theREU Site Solicitationfor deadlines and additional program information.
REU/RET supplements to research proposals are handled by the cognizant ProgramDirector of the original award."
388,388,Operations Engineering,PD-19-006Y,"Unrestricted (i.e., open to any type of entity above), subject to any clarification in text field entitled ""Additional Information on Eligibility""",National Science Foundation,"The Operations Engineering (OE) program supports fundamental research on advanced analytical methods for improving operations in complex decision-driven environments. Analytical methods include, but are not limited to, deterministic and stochastic modeling, optimization, decision and risk analysis, data science, and simulation. Methodological research is highly encouraged but must be motivated by problems that have potential for high impact in engineering applications. Application domains of particular interest to the program arise in commercial enterprises (e.g., production/manufacturing systems and distribution of goods, delivery of services), the public sector/government (e.g., public safety and security), and public/private partnerships (e.g., health care, environment and energy). The program also welcomes operations research in new and emerging domains and addressing systemic societal or technological problems. The OE program particularly values cross-disciplinary proposals that leverage application-specific expertise with strong quantitative analysis in a decision-making context. Proposals for methodological research that are not strongly motivated by high-potential engineering applications are not appropriate for this program."
395,395,Engineering for Civil Infrastructure,PD-19-073Y,"Unrestricted (i.e., open to any type of entity above), subject to any clarification in text field entitled ""Additional Information on Eligibility""",National Science Foundation,"The Engineering for Civil Infrastructure (ECI) program supports fundamental research in infrastructure materials and architectural, geotechnical and structural engineering that can shape the future of the nation's civil infrastructure. The ECI program focuses on geomaterials and geostructures, structural materials (metallic, polymeric, cementitious, glass, composites, etc.), structural and non-structural systems, and building envelopes. Principal Investigators are encouraged to consider physical civil infrastructure subjected to and interacting with the natural environment during construction; under normal service conditions; and under severe loading and environmental conditions such as extreme single or multi natural hazard events (including earthquakes, windstorms, tsunamis, storm surges, sinkholes, subsidence, and landslides).


The ECI program supports both disciplinary and cross-disciplinary research, such as research at the intersection of civil infrastructure with data science and analytics, uncertainty quantification, risk and reliability, artificial intelligence and machine learning, biomimetics and bioinspiration, metamaterial concepts, multifunctionality (architectural, mechanical, thermal and others), and/or physics-based, multiscale, predictive modeling and simulation.


Principal Investigators are encouraged to address, as appropriate, potential economic, environmental, sustainability, resiliency and societal aspects of the research. The ECI program supports research on civil infrastructure that contributes to the National Science Foundation’s role in the National Earthquake Hazards Reduction Program (NEHRP) and the National Windstorm Impact Reduction Program (NWIRP).


Principal Investigators are encouraged to leverage NSF’s investments in the Natural Hazards Engineering Research Infrastructure (NHERI) experimental, computational modeling and simulation, and data resources (https://www.designsafe-ci.org/) in their research to accelerate advances needed for reducing the impacts of natural hazards on civil infrastructure. The NHERI Five-Year Science Plan (January 2020) (https://tinyurl.com/ue8g5ra) offers a range of research topics that could benefit from the use of NHERI resources and are relevant to the ECI program.


The ECI program does not support research that lacks grounding in theory or focused on mission agency responsibilities, such as nuclear power plant, energy, and transportation infrastructure (for example, bridges and pavements), and natural resource exploration or recovery.The ECI program also does not support research onhazard characterization for and mitigation of the impact of explosions, blast loading, and fire; nor on sensor and measurement technology development. Research on natural hazard characterization is supported through programs in the NSF Directorate for Geosciences.


Proposers are actively encouraged to email a one-page project summary to ECI@nsf.gov before full proposal submission to determine if the research topic falls within the scope of the ECI program."
531,531,Science of Organizations,PD-11-8031,"Unrestricted (i.e., open to any type of entity above), subject to any clarification in text field entitled ""Additional Information on Eligibility""",National Science Foundation,"Organizations -- private and public, established and entrepreneurial, designed and emergent, formal and informal, profit and nonprofit -- are critical to the well-being of nations and their citizens. They are of crucial importance for producing goods and services, creating value, providing jobs, and achieving social goals. The Science of Organizations (SoO) program funds basic research that yields a scientific evidence base for improving the design and emergence, development and deployment, and management and ultimate effectiveness of organizations of all kinds. 

SoO funds research that advances our fundamental understanding of how organizations develop, form and operate. Successful SoO research proposals use scientific methods to develop and refine theories, to empirically test theories and frameworks, and to develop new measures and methods. Funded research is aimed at yielding generalizable insights that are of value to the business practitioner, policy-maker and research communities. 

SoO welcomes any and all rigorous, scientific approaches that illuminate aspects of organizations as systems of coordination, management and governance. 

In considering whether a particular project might be a candidate for consideration by SoO, please note: 
Intellectual perspectives may involve (but are not limited to) organizational theory, behavior, sociology or economics, business policy and strategy, communication sciences, entrepreneurship, human resource management, information sciences, managerial and organizational cognition, operations management, public administration, social or industrial psychology, and technology and innovation management. Phenomena studied may include (but are not limited to) structures, routines, effectiveness, competitiveness, innovation, dynamics, change and evolution.Levels of analysis may include (but are not limited to) organizational, cross-organizational collaborations or relationships, and institutional and can address individuals, groups or teams.Research methods may be qualitative and quantitative and may include (but are not limited to) archival analyses, surveys, simulation studies, experiments, comparative case studies, and network analyses. 
Consistent with NSF merit review criteria, each SoO proposal should discuss both the intellectual merit and the potential broader impacts of the proposed research. SoO values basic research that has the potential to provide broader societal benefits. However, the majority of space in any proposal will need to be dedicated to the explication of theory, methods, and specific contribution to the evidence base about organizational effectiveness.

Projects that aim to implement and subsequently evaluate particular organizational training, effectiveness or change programs, rather than to advance fundamental, generalizable knowledge, are not appropriate for SoO.
Researchers who seek to conduct SoO-appropriate research in an industrial site and/or via an industry-university collaboration are invited to also look at the Grant Opportunities for Academic Liaisons with Industry (GOALI) program web site."
